DV_EJERCICIO;MU_CODINE;MU_NOMBRE;DV_DVIVA
2012;00909;DIPUTACIÓN;102507000.00
2013;00909;DIPUTACIÓN;83097000.00
2014;00909;DIPUTACIÓN;40382000.00
2015;00909;DIPUTACIÓN;65000.00
2016;00909;DIPUTACIÓN;181511.00
2017;00909;DIPUTACIÓN;727326.00
2018;00909;DIPUTACIÓN;778396.00
2019;00909;DIPUTACIÓN;295623.00
2020;00909;DIPUTACIÓN;1517.00
2021;00909;DIPUTACIÓN;1967.00
2021;03001;Adsubia;0.00
2020;03001;Adsubia;0.00
2019;03001;Adsubia;99721.00
2018;03001;Adsubia;128212.00
2017;03001;Adsubia;156704.00
2016;03001;Adsubia;185505.00
2015;03001;Adsubia;214000.00
2014;03001;Adsubia;213687.00
2013;03001;Adsubia;257933.00
2012;03001;Adsubia;257932.00
2012;03002;Agost;1722797.00
2013;03002;Agost;1123797.00
2014;03002;Agost;845131.00
2015;03002;Agost;0.00
2016;03002;Agost;0.00
2017;03002;Agost;0.00
2018;03002;Agost;2067.00
2019;03002;Agost;2644.00
2020;03002;Agost;1417.00
2021;03002;Agost;0.00
2021;03003;Agres;0.00
2020;03003;Agres;0.00
2019;03003;Agres;0.00
2018;03003;Agres;0.00
2017;03003;Agres;0.00
2016;03003;Agres;0.00
2015;03003;Agres;0.00
2014;03003;Agres;0.00
2013;03003;Agres;46115.00
2012;03003;Agres;83114.00
2012;03004;Aigües;241000.00
2013;03004;Aigües;927410.00
2014;03004;Aigües;920521.00
2015;03004;Aigües;878000.00
2016;03004;Aigües;878481.00
2017;03004;Aigües;878481.00
2018;03004;Aigües;878481.00
2019;03004;Aigües;878481.00
2020;03004;Aigües;878481.00
2021;03004;Aigües;726583.00
2021;03005;Albatera;0.00
2020;03005;Albatera;474006.00
2019;03005;Albatera;1933364.00
2018;03005;Albatera;2534412.00
2017;03005;Albatera;3701332.00
2016;03005;Albatera;4428982.00
2015;03005;Albatera;5168000.00
2014;03005;Albatera;5952367.00
2013;03005;Albatera;5965367.00
2012;03005;Albatera;6279367.00
2012;03006;Alcalalí;72000.00
2013;03006;Alcalalí;0.00
2014;03006;Alcalalí;0.00
2015;03006;Alcalalí;0.00
2016;03006;Alcalalí;0.00
2017;03006;Alcalalí;0.00
2018;03006;Alcalalí;0.00
2019;03006;Alcalalí;0.00
2020;03006;Alcalalí;0.00
2021;03006;Alcalalí;0.00
2021;03007;Alcocer de Planes;0.00
2020;03007;Alcocer de Planes;0.00
2019;03007;Alcocer de Planes;0.00
2018;03007;Alcocer de Planes;0.00
2017;03007;Alcocer de Planes;0.00
2016;03007;Alcocer de Planes;0.00
2015;03007;Alcocer de Planes;0.00
2014;03007;Alcocer de Planes;0.00
2013;03007;Alcocer de Planes;0.00
2012;03007;Alcocer de Planes;0.00
2012;03008;Alcoleja;28880.00
2013;03008;Alcoleja;28881.00
2014;03008;Alcoleja;0.00
2015;03008;Alcoleja;0.00
2016;03008;Alcoleja;0.00
2017;03008;Alcoleja;0.00
2018;03008;Alcoleja;0.00
2019;03008;Alcoleja;0.00
2020;03008;Alcoleja;0.00
2021;03008;Alcoleja;0.00
2021;03009;Alcoy/Alcoi;23985468.00
2020;03009;Alcoy/Alcoi;22525915.00
2019;03009;Alcoy/Alcoi;23156026.00
2018;03009;Alcoy/Alcoi;22260997.00
2017;03009;Alcoy/Alcoi;23763764.00
2016;03009;Alcoy/Alcoi;22194334.00
2015;03009;Alcoy/Alcoi;24596000.00
2014;03009;Alcoy/Alcoi;28397000.00
2013;03009;Alcoy/Alcoi;30484142.00
2012;03009;Alcoy/Alcoi;33502675.00
2012;03010;Alfafara;91532.00
2013;03010;Alfafara;80533.00
2014;03010;Alfafara;40951.00
2015;03010;Alfafara;41000.00
2016;03010;Alfafara;0.00
2017;03010;Alfafara;0.00
2018;03010;Alfafara;0.00
2019;03010;Alfafara;0.00
2020;03010;Alfafara;0.00
2021;03010;Alfafara;0.00
2021;03011;Alfàs del Pi (l');7092769.00
2020;03011;Alfàs del Pi (l');7286205.00
2019;03011;Alfàs del Pi (l');7583356.00
2018;03011;Alfàs del Pi (l');9511349.00
2017;03011;Alfàs del Pi (l');11380737.00
2016;03011;Alfàs del Pi (l');13443625.00
2015;03011;Alfàs del Pi (l');14606000.00
2014;03011;Alfàs del Pi (l');13780459.00
2013;03011;Alfàs del Pi (l');15345459.00
2012;03011;Alfàs del Pi (l');16027611.00
2012;03012;Algorfa;3787290.00
2013;03012;Algorfa;3547579.00
2014;03012;Algorfa;3017579.00
2015;03012;Algorfa;2678000.00
2016;03012;Algorfa;1460155.00
2017;03012;Algorfa;459416.00
2018;03012;Algorfa;394244.00
2019;03012;Algorfa;0.00
2020;03012;Algorfa;4.00
2021;03012;Algorfa;0.00
2021;03013;Algueña;1176.00
2020;03013;Algueña;850.00
2019;03013;Algueña;390.00
2018;03013;Algueña;0.00
2017;03013;Algueña;0.00
2016;03013;Algueña;502.00
2015;03013;Algueña;267000.00
2014;03013;Algueña;266879.00
2013;03013;Algueña;390775.00
2012;03013;Algueña;521774.00
2012;03014;Alicante/Alacant;176679288.00
2013;03014;Alicante/Alacant;151668289.00
2014;03014;Alicante/Alacant;147318203.00
2015;03014;Alicante/Alacant;118859000.00
2016;03014;Alicante/Alacant;92003177.00
2017;03014;Alicante/Alacant;83677311.00
2018;03014;Alicante/Alacant;24908873.00
2019;03014;Alicante/Alacant;24629844.00
2020;03014;Alicante/Alacant;576556.00
2021;03014;Alicante/Alacant;201973.00
2021;03015;Almoradí;764619.00
2020;03015;Almoradí;1040931.00
2019;03015;Almoradí;1321383.00
2018;03015;Almoradí;1827102.00
2017;03015;Almoradí;2583789.00
2016;03015;Almoradí;3183054.00
2015;03015;Almoradí;3883000.00
2014;03015;Almoradí;4859485.00
2013;03015;Almoradí;5632903.00
2012;03015;Almoradí;6346902.00
2012;03016;Almudaina;3089.00
2013;03016;Almudaina;0.00
2014;03016;Almudaina;0.00
2015;03016;Almudaina;0.00
2016;03016;Almudaina;0.00
2017;03016;Almudaina;0.00
2018;03016;Almudaina;0.00
2019;03016;Almudaina;0.00
2020;03016;Almudaina;0.00
2021;03016;Almudaina;0.00
2021;03017;Alqueria d'Asnar (l');0.00
2020;03017;Alqueria d'Asnar (l');0.00
2019;03017;Alqueria d'Asnar (l');0.00
2018;03017;Alqueria d'Asnar (l');0.00
2017;03017;Alqueria d'Asnar (l');0.00
2016;03017;Alqueria d'Asnar (l');0.00
2015;03017;Alqueria d'Asnar (l');0.00
2014;03017;Alqueria d'Asnar (l');0.00
2013;03017;Alqueria d'Asnar (l');0.00
2012;03017;Alqueria d'Asnar (l');0.00
2012;03018;Altea;18069764.00
2013;03018;Altea;21855532.00
2014;03018;Altea;20863246.00
2015;03018;Altea;17952000.00
2016;03018;Altea;14970518.00
2017;03018;Altea;10740783.00
2018;03018;Altea;7772478.00
2019;03018;Altea;6553684.00
2020;03018;Altea;6300145.00
2021;03018;Altea;6044275.00
2021;03019;Aspe;0.00
2020;03019;Aspe;4458.00
2019;03019;Aspe;9022.00
2018;03019;Aspe;3800.00
2017;03019;Aspe;684721.00
2016;03019;Aspe;1668771.00
2015;03019;Aspe;2606000.00
2014;03019;Aspe;5924787.00
2013;03019;Aspe;7380506.00
2012;03019;Aspe;8929505.00
2012;03020;Balones;0.00
2013;03020;Balones;0.00
2014;03020;Balones;0.00
2015;03020;Balones;0.00
2016;03020;Balones;0.00
2017;03020;Balones;0.00
2018;03020;Balones;0.00
2019;03020;Balones;0.00
2020;03020;Balones;0.00
2021;03020;Balones;0.00
2021;03021;Banyeres de Mariola;887.00
2020;03021;Banyeres de Mariola;0.00
2019;03021;Banyeres de Mariola;208.00
2018;03021;Banyeres de Mariola;518.00
2017;03021;Banyeres de Mariola;1042.00
2016;03021;Banyeres de Mariola;1168.00
2015;03021;Banyeres de Mariola;0.00
2014;03021;Banyeres de Mariola;930000.00
2013;03021;Banyeres de Mariola;1167000.00
2012;03021;Banyeres de Mariola;1496000.00
2012;03022;Benasau;107628.00
2013;03022;Benasau;107629.00
2014;03022;Benasau;102268.00
2015;03022;Benasau;52000.00
2016;03022;Benasau;21341.00
2017;03022;Benasau;0.00
2018;03022;Benasau;0.00
2019;03022;Benasau;0.00
2020;03022;Benasau;0.00
2021;03022;Benasau;0.00
2021;03023;Beneixama;0.00
2020;03023;Beneixama;0.00
2019;03023;Beneixama;28000.00
2018;03023;Beneixama;156092.00
2017;03023;Beneixama;173435.00
2016;03023;Beneixama;433447.00
2015;03023;Beneixama;483000.00
2014;03023;Beneixama;637000.00
2013;03023;Beneixama;928378.00
2012;03023;Beneixama;986377.00
2012;03024;Benejúzar;338880.00
2013;03024;Benejúzar;597880.00
2014;03024;Benejúzar;65000.00
2015;03024;Benejúzar;0.00
2016;03024;Benejúzar;438.00
2017;03024;Benejúzar;110000.00
2018;03024;Benejúzar;0.00
2019;03024;Benejúzar;0.00
2020;03024;Benejúzar;0.00
2021;03024;Benejúzar;0.00
2021;03025;Benferri;152219.00
2020;03025;Benferri;253698.00
2019;03025;Benferri;377660.00
2018;03025;Benferri;501622.00
2017;03025;Benferri;625584.00
2016;03025;Benferri;755166.00
2015;03025;Benferri;822000.00
2014;03025;Benferri;845356.00
2013;03025;Benferri;875277.00
2012;03025;Benferri;909355.00
2012;03026;Beniarbeig;777405.00
2013;03026;Beniarbeig;734289.00
2014;03026;Beniarbeig;373410.00
2015;03026;Beniarbeig;373000.00
2016;03026;Beniarbeig;391619.00
2017;03026;Beniarbeig;261368.00
2018;03026;Beniarbeig;213846.00
2019;03026;Beniarbeig;166325.00
2020;03026;Beniarbeig;118803.00
2021;03026;Beniarbeig;71282.00
2021;03027;Beniardá;0.00
2020;03027;Beniardá;0.00
2019;03027;Beniardá;0.00
2018;03027;Beniardá;0.00
2017;03027;Beniardá;0.00
2016;03027;Beniardá;0.00
2015;03027;Beniardá;0.00
2014;03027;Beniardá;0.00
2013;03027;Beniardá;0.00
2012;03027;Beniardá;0.00
2012;03028;Beniarrés;125926.00
2013;03028;Beniarrés;148926.00
2014;03028;Beniarrés;143926.00
2015;03028;Beniarrés;145000.00
2016;03028;Beniarrés;106831.00
2017;03028;Beniarrés;85116.00
2018;03028;Beniarrés;97308.00
2019;03028;Beniarrés;48963.00
2020;03028;Beniarrés;34980.00
2021;03028;Beniarrés;20999.00
2021;03029;Benigembla;0.00
2020;03029;Benigembla;0.00
2019;03029;Benigembla;0.00
2018;03029;Benigembla;0.00
2017;03029;Benigembla;0.00
2016;03029;Benigembla;0.00
2015;03029;Benigembla;0.00
2014;03029;Benigembla;0.00
2013;03029;Benigembla;59380.00
2012;03029;Benigembla;79379.00
2012;03030;Benidoleig;0.00
2013;03030;Benidoleig;0.00
2014;03030;Benidoleig;0.00
2015;03030;Benidoleig;0.00
2016;03030;Benidoleig;3275.00
2017;03030;Benidoleig;0.00
2018;03030;Benidoleig;0.00
2019;03030;Benidoleig;0.00
2020;03030;Benidoleig;0.00
2021;03030;Benidoleig;0.00
2021;03031;Benidorm;8884604.00
2020;03031;Benidorm;10975222.00
2019;03031;Benidorm;17351451.00
2018;03031;Benidorm;35043679.00
2017;03031;Benidorm;49745933.00
2016;03031;Benidorm;64750231.00
2015;03031;Benidorm;78546000.00
2014;03031;Benidorm;100170478.00
2013;03031;Benidorm;119011478.00
2012;03031;Benidorm;121472220.00
2012;03032;Benifallim;0.00
2013;03032;Benifallim;0.00
2014;03032;Benifallim;0.00
2015;03032;Benifallim;0.00
2016;03032;Benifallim;0.00
2017;03032;Benifallim;0.00
2018;03032;Benifallim;0.00
2019;03032;Benifallim;0.00
2020;03032;Benifallim;0.00
2021;03032;Benifallim;0.00
2021;03033;Benifato;0.00
2020;03033;Benifato;0.00
2019;03033;Benifato;0.00
2018;03033;Benifato;0.00
2017;03033;Benifato;0.00
2016;03033;Benifato;0.00
2015;03033;Benifato;0.00
2014;03033;Benifato;0.00
2013;03033;Benifato;63841.00
2012;03033;Benifato;88841.00
2012;03034;Benijófar;2686930.00
2013;03034;Benijófar;2437931.00
2014;03034;Benijófar;2070361.00
2015;03034;Benijófar;1814000.00
2016;03034;Benijófar;1540671.00
2017;03034;Benijófar;2936840.00
2018;03034;Benijófar;2269858.00
2019;03034;Benijófar;1943863.00
2020;03034;Benijófar;1581388.00
2021;03034;Benijófar;1297233.00
2021;03035;Benilloba;62040.00
2020;03035;Benilloba;62040.00
2019;03035;Benilloba;66524.00
2018;03035;Benilloba;90060.00
2017;03035;Benilloba;124398.00
2016;03035;Benilloba;171184.00
2015;03035;Benilloba;199000.00
2014;03035;Benilloba;220814.00
2013;03035;Benilloba;279201.00
2012;03035;Benilloba;302201.00
2012;03036;Benillup;0.00
2013;03036;Benillup;134522.00
2014;03036;Benillup;0.00
2015;03036;Benillup;0.00
2016;03036;Benillup;0.00
2017;03036;Benillup;0.00
2018;03036;Benillup;0.00
2019;03036;Benillup;0.00
2020;03036;Benillup;0.00
2021;03036;Benillup;0.00
2021;03037;Benimantell;0.00
2020;03037;Benimantell;0.00
2019;03037;Benimantell;0.00
2018;03037;Benimantell;0.00
2017;03037;Benimantell;0.00
2016;03037;Benimantell;0.00
2015;03037;Benimantell;0.00
2014;03037;Benimantell;0.00
2013;03037;Benimantell;0.00
2012;03037;Benimantell;44000.00
2012;03038;Benimarfull;0.00
2013;03038;Benimarfull;0.00
2014;03038;Benimarfull;0.00
2015;03038;Benimarfull;0.00
2016;03038;Benimarfull;0.00
2017;03038;Benimarfull;0.00
2018;03038;Benimarfull;0.00
2019;03038;Benimarfull;0.00
2020;03038;Benimarfull;0.00
2021;03038;Benimarfull;0.00
2021;03039;Benimassot;0.00
2020;03039;Benimassot;0.00
2019;03039;Benimassot;0.00
2018;03039;Benimassot;0.00
2017;03039;Benimassot;0.00
2016;03039;Benimassot;0.00
2015;03039;Benimassot;0.00
2014;03039;Benimassot;0.00
2013;03039;Benimassot;26065.00
2012;03039;Benimassot;26065.00
2012;03040;Benimeli;0.00
2013;03040;Benimeli;0.00
2014;03040;Benimeli;0.00
2015;03040;Benimeli;0.00
2016;03040;Benimeli;0.00
2017;03040;Benimeli;0.00
2018;03040;Benimeli;0.00
2019;03040;Benimeli;0.00
2020;03040;Benimeli;0.00
2021;03040;Benimeli;0.00
2021;03041;Benissa;0.00
2020;03041;Benissa;2.00
2019;03041;Benissa;23283.00
2018;03041;Benissa;27.00
2017;03041;Benissa;736.00
2016;03041;Benissa;71452.00
2015;03041;Benissa;108000.00
2014;03041;Benissa;967000.00
2013;03041;Benissa;1327000.00
2012;03041;Benissa;1685000.00
2012;03042;Benitachell/Poble Nou de Benitatxell (el);905067.00
2013;03042;Benitachell/Poble Nou de Benitatxell (el);145000.00
2014;03042;Benitachell/Poble Nou de Benitatxell (el);123000.00
2015;03042;Benitachell/Poble Nou de Benitatxell (el);102000.00
2016;03042;Benitachell/Poble Nou de Benitatxell (el);311661.00
2017;03042;Benitachell/Poble Nou de Benitatxell (el);59285.00
2018;03042;Benitachell/Poble Nou de Benitatxell (el);77.00
2019;03042;Benitachell/Poble Nou de Benitatxell (el);1910.00
2020;03042;Benitachell/Poble Nou de Benitatxell (el);414.00
2021;03042;Benitachell/Poble Nou de Benitatxell (el);58.00
2021;03043;Biar;0.00
2020;03043;Biar;0.00
2019;03043;Biar;0.00
2018;03043;Biar;0.00
2017;03043;Biar;0.00
2016;03043;Biar;0.00
2015;03043;Biar;0.00
2014;03043;Biar;137000.00
2013;03043;Biar;194000.00
2012;03043;Biar;240000.00
2012;03044;Bigastro;9442591.00
2013;03044;Bigastro;9959847.00
2014;03044;Bigastro;10124748.00
2015;03044;Bigastro;11364000.00
2016;03044;Bigastro;11235863.00
2017;03044;Bigastro;11720214.00
2018;03044;Bigastro;15962034.00
2019;03044;Bigastro;14665337.00
2020;03044;Bigastro;15575652.00
2021;03044;Bigastro;15595086.00
2021;03045;Bolulla;0.00
2020;03045;Bolulla;0.00
2019;03045;Bolulla;0.00
2018;03045;Bolulla;0.00
2017;03045;Bolulla;0.00
2016;03045;Bolulla;0.00
2015;03045;Bolulla;0.00
2014;03045;Bolulla;0.00
2013;03045;Bolulla;22781.00
2012;03045;Bolulla;22781.00
2012;03046;Busot;1480466.00
2013;03046;Busot;1450467.00
2014;03046;Busot;33000.00
2015;03046;Busot;1146000.00
2016;03046;Busot;988680.00
2017;03046;Busot;761441.00
2018;03046;Busot;604337.00
2019;03046;Busot;278422.00
2020;03046;Busot;178063.00
2021;03046;Busot;76642.00
2021;03047;Calpe/Calp;9253415.00
2020;03047;Calpe/Calp;10980632.00
2019;03047;Calpe/Calp;13647108.00
2018;03047;Calpe/Calp;19258701.00
2017;03047;Calpe/Calp;25761844.00
2016;03047;Calpe/Calp;28615721.00
2015;03047;Calpe/Calp;33902000.00
2014;03047;Calpe/Calp;36839712.00
2013;03047;Calpe/Calp;40370112.00
2012;03047;Calpe/Calp;41648112.00
2012;03048;Callosa d'En Sarrià;4877518.00
2013;03048;Callosa d'En Sarrià;4235000.00
2014;03048;Callosa d'En Sarrià;2759000.00
2015;03048;Callosa d'En Sarrià;1588000.00
2016;03048;Callosa d'En Sarrià;971443.00
2017;03048;Callosa d'En Sarrià;405323.00
2018;03048;Callosa d'En Sarrià;290070.00
2019;03048;Callosa d'En Sarrià;260978.00
2020;03048;Callosa d'En Sarrià;133946.00
2021;03048;Callosa d'En Sarrià;67140.00
2021;03049;Callosa de Segura;5789371.00
2020;03049;Callosa de Segura;6099922.00
2019;03049;Callosa de Segura;6619731.00
2018;03049;Callosa de Segura;8004952.00
2017;03049;Callosa de Segura;9953602.00
2016;03049;Callosa de Segura;12432955.00
2015;03049;Callosa de Segura;14316000.00
2014;03049;Callosa de Segura;15499818.00
2013;03049;Callosa de Segura;17287818.00
2012;03049;Callosa de Segura;16734021.00
2012;03050;Campello (el);6483000.00
2013;03050;Campello (el);3536000.00
2014;03050;Campello (el);0.00
2015;03050;Campello (el);0.00
2016;03050;Campello (el);343108.00
2017;03050;Campello (el);408669.00
2018;03050;Campello (el);855890.00
2019;03050;Campello (el);840275.00
2020;03050;Campello (el);0.00
2021;03050;Campello (el);0.00
2021;03051;Campo de Mirra/Camp de Mirra (el);0.00
2020;03051;Campo de Mirra/Camp de Mirra (el);0.00
2019;03051;Campo de Mirra/Camp de Mirra (el);0.00
2018;03051;Campo de Mirra/Camp de Mirra (el);0.00
2017;03051;Campo de Mirra/Camp de Mirra (el);0.00
2016;03051;Campo de Mirra/Camp de Mirra (el);0.00
2015;03051;Campo de Mirra/Camp de Mirra (el);0.00
2014;03051;Campo de Mirra/Camp de Mirra (el);0.00
2013;03051;Campo de Mirra/Camp de Mirra (el);0.00
2012;03051;Campo de Mirra/Camp de Mirra (el);0.00
2012;03052;Cañada;0.00
2013;03052;Cañada;0.00
2014;03052;Cañada;0.00
2015;03052;Cañada;0.00
2016;03052;Cañada;0.00
2017;03052;Cañada;0.00
2018;03052;Cañada;0.00
2019;03052;Cañada;0.00
2020;03052;Cañada;0.00
2021;03052;Cañada;0.00
2021;03053;Castalla;0.00
2020;03053;Castalla;0.00
2019;03053;Castalla;0.00
2018;03053;Castalla;0.00
2017;03053;Castalla;0.00
2016;03053;Castalla;44398.00
2015;03053;Castalla;0.00
2014;03053;Castalla;0.00
2013;03053;Castalla;0.00
2012;03053;Castalla;639000.00
2012;03054;Castell de Castells;91906.00
2013;03054;Castell de Castells;91907.00
2014;03054;Castell de Castells;86517.00
2015;03054;Castell de Castells;41000.00
2016;03054;Castell de Castells;35114.00
2017;03054;Castell de Castells;0.00
2018;03054;Castell de Castells;0.00
2019;03054;Castell de Castells;0.00
2020;03054;Castell de Castells;0.00
2021;03054;Castell de Castells;0.00
2021;03055;Catral;956232.00
2020;03055;Catral;956232.00
2019;03055;Catral;956232.00
2018;03055;Catral;1503376.00
2017;03055;Catral;2273778.00
2016;03055;Catral;2697640.00
2015;03055;Catral;3024000.00
2014;03055;Catral;3326128.00
2013;03055;Catral;3423128.00
2012;03055;Catral;3528128.00
2012;03056;Cocentaina;3183000.00
2013;03056;Cocentaina;2849000.00
2014;03056;Cocentaina;2388000.00
2015;03056;Cocentaina;1614000.00
2016;03056;Cocentaina;1475797.00
2017;03056;Cocentaina;948209.00
2018;03056;Cocentaina;0.00
2019;03056;Cocentaina;51675.00
2020;03056;Cocentaina;0.00
2021;03056;Cocentaina;0.00
2021;03057;Confrides;0.00
2020;03057;Confrides;0.00
2019;03057;Confrides;0.00
2018;03057;Confrides;0.00
2017;03057;Confrides;0.00
2016;03057;Confrides;0.00
2015;03057;Confrides;0.00
2014;03057;Confrides;0.00
2013;03057;Confrides;0.00
2012;03057;Confrides;24244.00
2012;03058;Cox;99000.00
2013;03058;Cox;56000.00
2014;03058;Cox;0.00
2015;03058;Cox;0.00
2016;03058;Cox;0.00
2017;03058;Cox;0.00
2018;03058;Cox;1808157.00
2019;03058;Cox;1808157.00
2020;03058;Cox;1808157.00
2021;03058;Cox;1582137.00
2021;03059;Crevillent;2372001.00
2020;03059;Crevillent;1708457.00
2019;03059;Crevillent;3645551.00
2018;03059;Crevillent;4435308.00
2017;03059;Crevillent;4030051.00
2016;03059;Crevillent;4838536.00
2015;03059;Crevillent;5677000.00
2014;03059;Crevillent;5651000.00
2013;03059;Crevillent;6716000.00
2012;03059;Crevillent;7533000.00
2012;03060;Quatretondeta;66433.00
2013;03060;Quatretondeta;64433.00
2014;03060;Quatretondeta;58433.00
2015;03060;Quatretondeta;0.00
2016;03060;Quatretondeta;0.00
2017;03060;Quatretondeta;0.00
2018;03060;Quatretondeta;219.00
2019;03060;Quatretondeta;287.00
2020;03060;Quatretondeta;672.00
2021;03060;Quatretondeta;0.00
2021;03061;Daya Nueva;915049.00
2020;03061;Daya Nueva;893912.00
2019;03061;Daya Nueva;947966.00
2018;03061;Daya Nueva;981141.00
2017;03061;Daya Nueva;1015191.00
2016;03061;Daya Nueva;981025.00
2015;03061;Daya Nueva;1129000.00
2014;03061;Daya Nueva;1193482.00
2013;03061;Daya Nueva;1229482.00
2012;03061;Daya Nueva;1265481.00
2012;03062;Daya Vieja;3322486.00
2013;03062;Daya Vieja;3282486.00
2014;03062;Daya Vieja;2914486.00
2015;03062;Daya Vieja;2846000.00
2016;03062;Daya Vieja;2542250.00
2017;03062;Daya Vieja;2532684.00
2018;03062;Daya Vieja;2562613.00
2019;03062;Daya Vieja;2732330.00
2020;03062;Daya Vieja;2696234.00
2021;03062;Daya Vieja;2705700.00
2021;03063;Dénia;24462921.00
2020;03063;Dénia;22751735.00
2019;03063;Dénia;24528893.00
2018;03063;Dénia;28843545.00
2017;03063;Dénia;20332977.00
2016;03063;Dénia;27264571.00
2015;03063;Dénia;29320000.00
2014;03063;Dénia;22286000.00
2013;03063;Dénia;33265639.00
2012;03063;Dénia;39788590.00
2012;03064;Dolores;6238763.00
2013;03064;Dolores;5304920.00
2014;03064;Dolores;5985550.00
2015;03064;Dolores;2864000.00
2016;03064;Dolores;2424022.00
2017;03064;Dolores;2050129.00
2018;03064;Dolores;1674774.00
2019;03064;Dolores;1300688.00
2020;03064;Dolores;2733736.00
2021;03064;Dolores;2385534.00
2021;03065;Elche/Elx;6074108.00
2020;03065;Elche/Elx;16333208.00
2019;03065;Elche/Elx;22193040.00
2018;03065;Elche/Elx;37814765.00
2017;03065;Elche/Elx;57125545.00
2016;03065;Elche/Elx;87031598.00
2015;03065;Elche/Elx;117244000.00
2014;03065;Elche/Elx;127471000.00
2013;03065;Elche/Elx;141777123.00
2012;03065;Elche/Elx;154499959.00
2012;03066;Elda;23586861.00
2013;03066;Elda;18042168.00
2014;03066;Elda;12176215.00
2015;03066;Elda;6497000.00
2016;03066;Elda;4012899.00
2017;03066;Elda;349593.00
2018;03066;Elda;15787.00
2019;03066;Elda;0.00
2020;03066;Elda;0.00
2021;03066;Elda;54352.00
2021;03067;Facheca;0.00
2020;03067;Facheca;0.00
2019;03067;Facheca;0.00
2018;03067;Facheca;0.00
2017;03067;Facheca;0.00
2016;03067;Facheca;0.00
2015;03067;Facheca;0.00
2014;03067;Facheca;0.00
2013;03067;Facheca;104882.00
2012;03067;Facheca;0.00
2012;03068;Famorca;0.00
2013;03068;Famorca;0.00
2014;03068;Famorca;0.00
2015;03068;Famorca;0.00
2016;03068;Famorca;0.00
2017;03068;Famorca;0.00
2018;03068;Famorca;0.00
2019;03068;Famorca;0.00
2020;03068;Famorca;0.00
2021;03068;Famorca;0.00
2021;03069;Finestrat;9480639.00
2020;03069;Finestrat;10595314.00
2019;03069;Finestrat;11519361.00
2018;03069;Finestrat;13657624.00
2017;03069;Finestrat;14891459.00
2016;03069;Finestrat;16894528.00
2015;03069;Finestrat;18166000.00
2014;03069;Finestrat;19175277.00
2013;03069;Finestrat;20503277.00
2012;03069;Finestrat;20175860.00
2012;03070;Formentera del Segura;698997.00
2013;03070;Formentera del Segura;413997.00
2014;03070;Formentera del Segura;253997.00
2015;03070;Formentera del Segura;245000.00
2016;03070;Formentera del Segura;177183.00
2017;03070;Formentera del Segura;115378.00
2018;03070;Formentera del Segura;1166.00
2019;03070;Formentera del Segura;841.00
2020;03070;Formentera del Segura;516.00
2021;03070;Formentera del Segura;0.00
2021;03071;Gata de Gorgos;0.00
2020;03071;Gata de Gorgos;1917.00
2019;03071;Gata de Gorgos;4549.00
2018;03071;Gata de Gorgos;521220.00
2017;03071;Gata de Gorgos;746580.00
2016;03071;Gata de Gorgos;1412317.00
2015;03071;Gata de Gorgos;1682000.00
2014;03071;Gata de Gorgos;2272206.00
2013;03071;Gata de Gorgos;2623206.00
2012;03071;Gata de Gorgos;3068928.00
2012;03072;Gaianes;125091.00
2013;03072;Gaianes;110092.00
2014;03072;Gaianes;35000.00
2015;03072;Gaianes;31000.00
2016;03072;Gaianes;28640.00
2017;03072;Gaianes;0.00
2018;03072;Gaianes;0.00
2019;03072;Gaianes;0.00
2020;03072;Gaianes;0.00
2021;03072;Gaianes;0.00
2021;03073;Gorga;0.00
2020;03073;Gorga;0.00
2019;03073;Gorga;0.00
2018;03073;Gorga;0.00
2017;03073;Gorga;0.00
2016;03073;Gorga;19585.00
2015;03073;Gorga;24000.00
2014;03073;Gorga;39161.00
2013;03073;Gorga;109677.00
2012;03073;Gorga;113677.00
2012;03074;Granja de Rocamora;297428.00
2013;03074;Granja de Rocamora;559429.00
2014;03074;Granja de Rocamora;259000.00
2015;03074;Granja de Rocamora;125000.00
2016;03074;Granja de Rocamora;105429.00
2017;03074;Granja de Rocamora;86260.00
2018;03074;Granja de Rocamora;67091.00
2019;03074;Granja de Rocamora;0.00
2020;03074;Granja de Rocamora;91083.00
2021;03074;Granja de Rocamora;373953.00
2021;03075;Castell de Guadalest (El);24665.00
2020;03075;Castell de Guadalest (El);64451.00
2019;03075;Castell de Guadalest (El);102771.00
2018;03075;Castell de Guadalest (El);139973.00
2017;03075;Castell de Guadalest (El);173866.00
2016;03075;Castell de Guadalest (El);207350.00
2015;03075;Castell de Guadalest (El);256000.00
2014;03075;Castell de Guadalest (El);293280.00
2013;03075;Castell de Guadalest (El);342154.00
2012;03075;Castell de Guadalest (El);486000.00
2012;03076;Guardamar del Segura;14868813.00
2013;03076;Guardamar del Segura;13556099.00
2014;03076;Guardamar del Segura;11957681.00
2015;03076;Guardamar del Segura;10875000.00
2016;03076;Guardamar del Segura;9075562.00
2017;03076;Guardamar del Segura;6785744.00
2018;03076;Guardamar del Segura;4322936.00
2019;03076;Guardamar del Segura;3411420.00
2020;03076;Guardamar del Segura;3095224.00
2021;03076;Guardamar del Segura;2420568.00
2021;03077;Hondón de las Nieves;0.00
2020;03077;Hondón de las Nieves;0.00
2019;03077;Hondón de las Nieves;0.00
2018;03077;Hondón de las Nieves;0.00
2017;03077;Hondón de las Nieves;0.00
2016;03077;Hondón de las Nieves;0.00
2015;03077;Hondón de las Nieves;0.00
2014;03077;Hondón de las Nieves;0.00
2013;03077;Hondón de las Nieves;0.00
2012;03077;Hondón de las Nieves;0.00
2012;03078;Hondón de los Frailes;171696.00
2013;03078;Hondón de los Frailes;120696.00
2014;03078;Hondón de los Frailes;45593.00
2015;03078;Hondón de los Frailes;46000.00
2016;03078;Hondón de los Frailes;0.00
2017;03078;Hondón de los Frailes;0.00
2018;03078;Hondón de los Frailes;0.00
2019;03078;Hondón de los Frailes;0.00
2020;03078;Hondón de los Frailes;0.00
2021;03078;Hondón de los Frailes;0.00
2021;03079;Ibi;2868632.00
2020;03079;Ibi;3241040.00
2019;03079;Ibi;3896771.00
2018;03079;Ibi;5676782.00
2017;03079;Ibi;6179572.00
2016;03079;Ibi;6843199.00
2015;03079;Ibi;7229000.00
2014;03079;Ibi;7825000.00
2013;03079;Ibi;8480000.00
2012;03079;Ibi;10415000.00
2012;03080;Jacarilla;231792.00
2013;03080;Jacarilla;206793.00
2014;03080;Jacarilla;181793.00
2015;03080;Jacarilla;163000.00
2016;03080;Jacarilla;151165.00
2017;03080;Jacarilla;0.00
2018;03080;Jacarilla;0.00
2019;03080;Jacarilla;0.00
2020;03080;Jacarilla;0.00
2021;03080;Jacarilla;0.00
2021;03081;Jalón/Xaló;83619.00
2020;03081;Jalón/Xaló;83619.00
2019;03081;Jalón/Xaló;0.00
2018;03081;Jalón/Xaló;0.00
2017;03081;Jalón/Xaló;0.00
2016;03081;Jalón/Xaló;0.00
2015;03081;Jalón/Xaló;0.00
2014;03081;Jalón/Xaló;13000.00
2013;03081;Jalón/Xaló;126800.00
2012;03081;Jalón/Xaló;154800.00
2012;03082;Jávea/Xàbia;33767000.00
2013;03082;Jávea/Xàbia;30122000.00
2014;03082;Jávea/Xàbia;26671000.00
2015;03082;Jávea/Xàbia;22228000.00
2016;03082;Jávea/Xàbia;16752410.00
2017;03082;Jávea/Xàbia;7990818.00
2018;03082;Jávea/Xàbia;2075217.00
2019;03082;Jávea/Xàbia;0.00
2020;03082;Jávea/Xàbia;0.00
2021;03082;Jávea/Xàbia;1106.00
2021;03083;Jijona/Xixona;570000.00
2020;03083;Jijona/Xixona;570000.00
2019;03083;Jijona/Xixona;0.00
2018;03083;Jijona/Xixona;0.00
2017;03083;Jijona/Xixona;338.00
2016;03083;Jijona/Xixona;675.00
2015;03083;Jijona/Xixona;0.00
2014;03083;Jijona/Xixona;0.00
2013;03083;Jijona/Xixona;1061000.00
2012;03083;Jijona/Xixona;1452000.00
2012;03084;Lorcha/Orxa (l');0.00
2013;03084;Lorcha/Orxa (l');534379.00
2014;03084;Lorcha/Orxa (l');505752.00
2015;03084;Lorcha/Orxa (l');473000.00
2016;03084;Lorcha/Orxa (l');694293.00
2017;03084;Lorcha/Orxa (l');669599.00
2018;03084;Lorcha/Orxa (l');638013.00
2019;03084;Lorcha/Orxa (l');644222.00
2020;03084;Lorcha/Orxa (l');644222.00
2021;03084;Lorcha/Orxa (l');644222.00
2021;03085;Llíber;113479.00
2020;03085;Llíber;180909.00
2019;03085;Llíber;253272.00
2018;03085;Llíber;327377.00
2017;03085;Llíber;404148.00
2016;03085;Llíber;480435.00
2015;03085;Llíber;543000.00
2014;03085;Llíber;544513.00
2013;03085;Llíber;578908.00
2012;03085;Llíber;578907.00
2012;03086;Millena;44000.00
2013;03086;Millena;69394.00
2014;03086;Millena;50571.00
2015;03086;Millena;30000.00
2016;03086;Millena;26400.00
2017;03086;Millena;58325.00
2018;03086;Millena;15600.00
2019;03086;Millena;10800.00
2020;03086;Millena;6000.00
2021;03086;Millena;0.00
2021;03088;Monforte del Cid;5009248.00
2020;03088;Monforte del Cid;5137410.00
2019;03088;Monforte del Cid;6884763.00
2018;03088;Monforte del Cid;7109765.00
2017;03088;Monforte del Cid;7409923.00
2016;03088;Monforte del Cid;8218601.00
2015;03088;Monforte del Cid;8936000.00
2014;03088;Monforte del Cid;9276737.00
2013;03088;Monforte del Cid;10065737.00
2012;03088;Monforte del Cid;9853597.00
2012;03089;Monóvar/Monòver;16105564.00
2013;03089;Monóvar/Monòver;16438340.00
2014;03089;Monóvar/Monòver;14108696.00
2015;03089;Monóvar/Monòver;13120000.00
2016;03089;Monóvar/Monòver;11765634.00
2017;03089;Monóvar/Monòver;11581508.00
2018;03089;Monóvar/Monòver;11237082.00
2019;03089;Monóvar/Monòver;16123062.00
2020;03089;Monóvar/Monòver;15464560.00
2021;03089;Monóvar/Monòver;15324581.00
2021;03090;Mutxamel;154003.00
2020;03090;Mutxamel;5904.00
2019;03090;Mutxamel;13840.00
2018;03090;Mutxamel;5558.00
2017;03090;Mutxamel;0.00
2016;03090;Mutxamel;3710784.00
2015;03090;Mutxamel;5312000.00
2014;03090;Mutxamel;5354000.00
2013;03090;Mutxamel;8141687.00
2012;03090;Mutxamel;9875614.00
2012;03091;Murla;0.00
2013;03091;Murla;0.00
2014;03091;Murla;0.00
2015;03091;Murla;0.00
2016;03091;Murla;0.00
2017;03091;Murla;0.00
2018;03091;Murla;0.00
2019;03091;Murla;0.00
2020;03091;Murla;0.00
2021;03091;Murla;0.00
2021;03092;Muro de Alcoy;0.00
2020;03092;Muro de Alcoy;0.00
2019;03092;Muro de Alcoy;0.00
2018;03092;Muro de Alcoy;0.00
2017;03092;Muro de Alcoy;0.00
2016;03092;Muro de Alcoy;544997.00
2015;03092;Muro de Alcoy;870000.00
2014;03092;Muro de Alcoy;1441000.00
2013;03092;Muro de Alcoy;2165175.00
2012;03092;Muro de Alcoy;2813174.00
2012;03093;Novelda;28552945.00
2013;03093;Novelda;31874012.00
2014;03093;Novelda;27626343.00
2015;03093;Novelda;25693000.00
2016;03093;Novelda;25098123.00
2017;03093;Novelda;25356193.00
2018;03093;Novelda;18368167.00
2019;03093;Novelda;15143352.00
2020;03093;Novelda;13600863.00
2021;03093;Novelda;12349645.00
2021;03094;Nucia (la);12240189.00
2020;03094;Nucia (la);15100840.00
2019;03094;Nucia (la);14321666.00
2018;03094;Nucia (la);16353784.00
2017;03094;Nucia (la);15055558.00
2016;03094;Nucia (la);15251655.00
2015;03094;Nucia (la);10536000.00
2014;03094;Nucia (la);10815811.00
2013;03094;Nucia (la);12497811.00
2012;03094;Nucia (la);12916246.00
2012;03095;Ondara;4140949.00
2013;03095;Ondara;3884950.00
2014;03095;Ondara;3777515.00
2015;03095;Ondara;3206000.00
2016;03095;Ondara;2730384.00
2017;03095;Ondara;1648650.00
2018;03095;Ondara;539684.00
2019;03095;Ondara;211202.00
2020;03095;Ondara;0.00
2021;03095;Ondara;0.00
2021;03096;Onil;0.00
2020;03096;Onil;0.00
2019;03096;Onil;0.00
2018;03096;Onil;0.00
2017;03096;Onil;0.00
2016;03096;Onil;0.00
2015;03096;Onil;1405000.00
2014;03096;Onil;2487970.00
2013;03096;Onil;3100481.00
2012;03096;Onil;3269481.00
2012;03097;Orba;2401199.00
2013;03097;Orba;2171476.00
2014;03097;Orba;1216027.00
2015;03097;Orba;1114000.00
2016;03097;Orba;1061674.00
2017;03097;Orba;975269.00
2018;03097;Orba;894658.00
2019;03097;Orba;813999.00
2020;03097;Orba;733271.00
2021;03097;Orba;1007439.00
2021;03098;Orxeta;70.00
2020;03098;Orxeta;0.00
2019;03098;Orxeta;0.00
2018;03098;Orxeta;70073.00
2017;03098;Orxeta;130000.00
2016;03098;Orxeta;245623.00
2015;03098;Orxeta;230000.00
2014;03098;Orxeta;440777.00
2013;03098;Orxeta;334495.00
2012;03098;Orxeta;346495.00
2012;03099;Orihuela;58959020.00
2013;03099;Orihuela;53634021.00
2014;03099;Orihuela;44485640.00
2015;03099;Orihuela;37981000.00
2016;03099;Orihuela;29693744.00
2017;03099;Orihuela;23342071.00
2018;03099;Orihuela;17609570.00
2019;03099;Orihuela;14137439.00
2020;03099;Orihuela;10784416.00
2021;03099;Orihuela;7384165.00
2021;03100;Parcent;0.00
2020;03100;Parcent;0.00
2019;03100;Parcent;0.00
2018;03100;Parcent;0.00
2017;03100;Parcent;0.00
2016;03100;Parcent;0.00
2015;03100;Parcent;0.00
2014;03100;Parcent;32000.00
2013;03100;Parcent;37000.00
2012;03100;Parcent;42000.00
2012;03101;Pedreguer;4420826.00
2013;03101;Pedreguer;3771827.00
2014;03101;Pedreguer;2883963.00
2015;03101;Pedreguer;2363000.00
2016;03101;Pedreguer;1962467.00
2017;03101;Pedreguer;905678.00
2018;03101;Pedreguer;196618.00
2019;03101;Pedreguer;1610.00
2020;03101;Pedreguer;22021.00
2021;03101;Pedreguer;18330.00
2021;03102;Pego;2428739.00
2020;03102;Pego;3273595.00
2019;03102;Pego;4121948.00
2018;03102;Pego;4974750.00
2017;03102;Pego;5399667.00
2016;03102;Pego;6318742.00
2015;03102;Pego;7140000.00
2014;03102;Pego;8334756.00
2013;03102;Pego;9700160.00
2012;03102;Pego;10821159.00
2012;03103;Penàguila;204186.00
2013;03103;Penàguila;166187.00
2014;03103;Penàguila;142925.00
2015;03103;Penàguila;123000.00
2016;03103;Penàguila;94061.00
2017;03103;Penàguila;64150.00
2018;03103;Penàguila;42355.00
2019;03103;Penàguila;29332.00
2020;03103;Penàguila;16506.00
2021;03103;Penàguila;9785.00
2021;03104;Petrer;456040.00
2020;03104;Petrer;655361.00
2019;03104;Petrer;1175879.00
2018;03104;Petrer;1942193.00
2017;03104;Petrer;4194905.00
2016;03104;Petrer;5764913.00
2015;03104;Petrer;7065000.00
2014;03104;Petrer;8549000.00
2013;03104;Petrer;13161000.00
2012;03104;Petrer;15344299.00
2012;03105;Pinoso;5985296.00
2013;03105;Pinoso;4297296.00
2014;03105;Pinoso;2788000.00
2015;03105;Pinoso;1851000.00
2016;03105;Pinoso;3902281.00
2017;03105;Pinoso;3058672.00
2018;03105;Pinoso;2530424.00
2019;03105;Pinoso;592259.00
2020;03105;Pinoso;327237.00
2021;03105;Pinoso;290248.00
2021;03106;Planes;93426.00
2020;03106;Planes;112112.00
2019;03106;Planes;112112.00
2018;03106;Planes;129192.00
2017;03106;Planes;145999.00
2016;03106;Planes;171873.00
2015;03106;Planes;198000.00
2014;03106;Planes;212797.00
2013;03106;Planes;231964.00
2012;03106;Planes;353963.00
2012;03107;Polop;5554850.00
2013;03107;Polop;4966851.00
2014;03107;Polop;3930250.00
2015;03107;Polop;3477000.00
2016;03107;Polop;3215489.00
2017;03107;Polop;2860845.00
2018;03107;Polop;2554183.00
2019;03107;Polop;2247032.00
2020;03107;Polop;1939269.00
2021;03107;Polop;1630699.00
2021;03109;Rafal;46988.00
2020;03109;Rafal;78314.00
2019;03109;Rafal;109639.00
2018;03109;Rafal;140965.00
2017;03109;Rafal;180122.00
2016;03109;Rafal;203616.00
2015;03109;Rafal;219000.00
2014;03109;Rafal;448840.00
2013;03109;Rafal;871656.00
2012;03109;Rafal;917656.00
2012;03110;Ràfol d'Almúnia (El);90000.00
2013;03110;Ràfol d'Almúnia (El);74000.00
2014;03110;Ràfol d'Almúnia (El);53000.00
2015;03110;Ràfol d'Almúnia (El);44000.00
2016;03110;Ràfol d'Almúnia (El);35925.00
2017;03110;Ràfol d'Almúnia (El);27251.00
2018;03110;Ràfol d'Almúnia (El);18450.00
2019;03110;Ràfol d'Almúnia (El);9275.00
2020;03110;Ràfol d'Almúnia (El);0.00
2021;03110;Ràfol d'Almúnia (El);0.00
2021;03111;Redován;1323877.00
2020;03111;Redován;1172659.00
2019;03111;Redován;1641723.00
2018;03111;Redován;2110786.00
2017;03111;Redován;2579850.00
2016;03111;Redován;3048914.00
2015;03111;Redován;3391000.00
2014;03111;Redován;3522138.00
2013;03111;Redován;4270997.00
2012;03111;Redován;4137845.00
2012;03112;Relleu;253000.00
2013;03112;Relleu;157000.00
2014;03112;Relleu;0.00
2015;03112;Relleu;0.00
2016;03112;Relleu;0.00
2017;03112;Relleu;0.00
2018;03112;Relleu;0.00
2019;03112;Relleu;0.00
2020;03112;Relleu;0.00
2021;03112;Relleu;0.00
2021;03113;Rojales;49988.00
2020;03113;Rojales;6822.00
2019;03113;Rojales;0.00
2018;03113;Rojales;0.00
2017;03113;Rojales;18780.00
2016;03113;Rojales;10914.00
2015;03113;Rojales;0.00
2014;03113;Rojales;0.00
2013;03113;Rojales;759020.00
2012;03113;Rojales;1009020.00
2012;03114;Romana (la);343866.00
2013;03114;Romana (la);73000.00
2014;03114;Romana (la);60000.00
2015;03114;Romana (la);0.00
2016;03114;Romana (la);0.00
2017;03114;Romana (la);0.00
2018;03114;Romana (la);0.00
2019;03114;Romana (la);0.00
2020;03114;Romana (la);0.00
2021;03114;Romana (la);0.00
2021;03115;Sagra;0.00
2020;03115;Sagra;0.00
2019;03115;Sagra;0.00
2018;03115;Sagra;0.00
2017;03115;Sagra;0.00
2016;03115;Sagra;0.00
2015;03115;Sagra;0.00
2014;03115;Sagra;0.00
2013;03115;Sagra;0.00
2012;03115;Sagra;0.00
2012;03116;Salinas;0.00
2013;03116;Salinas;0.00
2014;03116;Salinas;0.00
2015;03116;Salinas;0.00
2016;03116;Salinas;0.00
2017;03116;Salinas;0.00
2018;03116;Salinas;0.00
2019;03116;Salinas;856475.00
2020;03116;Salinas;1225643.00
2021;03116;Salinas;1418429.00
2021;03117;Sanet y Negrals;0.00
2020;03117;Sanet y Negrals;0.00
2019;03117;Sanet y Negrals;0.00
2018;03117;Sanet y Negrals;0.00
2017;03117;Sanet y Negrals;0.00
2016;03117;Sanet y Negrals;30891.00
2015;03117;Sanet y Negrals;91000.00
2014;03117;Sanet y Negrals;96166.00
2013;03117;Sanet y Negrals;208968.00
2012;03117;Sanet y Negrals;131968.00
2012;03118;San Fulgencio;7097850.00
2013;03118;San Fulgencio;7097819.00
2014;03118;San Fulgencio;6900819.00
2015;03118;San Fulgencio;6710000.00
2016;03118;San Fulgencio;5569856.00
2017;03118;San Fulgencio;4184925.00
2018;03118;San Fulgencio;3544617.00
2019;03118;San Fulgencio;1767507.00
2020;03118;San Fulgencio;345461.00
2021;03118;San Fulgencio;0.00
2021;03119;Sant Joan d'Alacant;3903155.00
2020;03119;Sant Joan d'Alacant;4689469.00
2019;03119;Sant Joan d'Alacant;4096679.00
2018;03119;Sant Joan d'Alacant;6960001.00
2017;03119;Sant Joan d'Alacant;7514744.00
2016;03119;Sant Joan d'Alacant;9602129.00
2015;03119;Sant Joan d'Alacant;6550000.00
2014;03119;Sant Joan d'Alacant;6838364.00
2013;03119;Sant Joan d'Alacant;7469364.00
2012;03119;Sant Joan d'Alacant;7985364.00
2012;03120;San Miguel de Salinas;2308933.00
2013;03120;San Miguel de Salinas;2137933.00
2014;03120;San Miguel de Salinas;1744045.00
2015;03120;San Miguel de Salinas;972000.00
2016;03120;San Miguel de Salinas;349300.00
2017;03120;San Miguel de Salinas;243.00
2018;03120;San Miguel de Salinas;2715.00
2019;03120;San Miguel de Salinas;1656.00
2020;03120;San Miguel de Salinas;1331.00
2021;03120;San Miguel de Salinas;0.00
2021;03121;Santa Pola;1741967.00
2020;03121;Santa Pola;2743768.00
2019;03121;Santa Pola;2895082.00
2018;03121;Santa Pola;3228949.00
2017;03121;Santa Pola;4009633.00
2016;03121;Santa Pola;4792893.00
2015;03121;Santa Pola;4547000.00
2014;03121;Santa Pola;5877218.00
2013;03121;Santa Pola;7736078.00
2012;03121;Santa Pola;8610078.00
2012;03122;San Vicente del Raspeig/Sant Vicent del Raspeig;18136000.00
2013;03122;San Vicente del Raspeig/Sant Vicent del Raspeig;15032000.00
2014;03122;San Vicente del Raspeig/Sant Vicent del Raspeig;10304000.00
2015;03122;San Vicente del Raspeig/Sant Vicent del Raspeig;8641000.00
2016;03122;San Vicente del Raspeig/Sant Vicent del Raspeig;6546316.00
2017;03122;San Vicente del Raspeig/Sant Vicent del Raspeig;1800579.00
2018;03122;San Vicente del Raspeig/Sant Vicent del Raspeig;493921.00
2019;03122;San Vicente del Raspeig/Sant Vicent del Raspeig;917543.00
2020;03122;San Vicente del Raspeig/Sant Vicent del Raspeig;140096.00
2021;03122;San Vicente del Raspeig/Sant Vicent del Raspeig;35408.00
2021;03123;Sax;397763.00
2020;03123;Sax;5161.00
2019;03123;Sax;0.00
2018;03123;Sax;534715.00
2017;03123;Sax;2152732.00
2016;03123;Sax;2465298.00
2015;03123;Sax;3419000.00
2014;03123;Sax;4456072.00
2013;03123;Sax;5775204.00
2012;03123;Sax;6783204.00
2012;03124;Sella;0.00
2013;03124;Sella;0.00
2014;03124;Sella;0.00
2015;03124;Sella;0.00
2016;03124;Sella;247.00
2017;03124;Sella;0.00
2018;03124;Sella;0.00
2019;03124;Sella;0.00
2020;03124;Sella;0.00
2021;03124;Sella;0.00
2021;03125;Senija;0.00
2020;03125;Senija;0.00
2019;03125;Senija;0.00
2018;03125;Senija;0.00
2017;03125;Senija;0.00
2016;03125;Senija;0.00
2015;03125;Senija;0.00
2014;03125;Senija;0.00
2013;03125;Senija;0.00
2012;03125;Senija;0.00
2012;03127;Tárbena;182119.00
2013;03127;Tárbena;172120.00
2014;03127;Tárbena;149303.00
2015;03127;Tárbena;137000.00
2016;03127;Tárbena;119529.00
2017;03127;Tárbena;101577.00
2018;03127;Tárbena;50922.00
2019;03127;Tárbena;30334.00
2020;03127;Tárbena;11247.00
2021;03127;Tárbena;3690.00
2021;03128;Teulada;0.00
2020;03128;Teulada;0.00
2019;03128;Teulada;0.00
2018;03128;Teulada;0.00
2017;03128;Teulada;20.00
2016;03128;Teulada;2075422.00
2015;03128;Teulada;3546000.00
2014;03128;Teulada;5480527.00
2013;03128;Teulada;7886985.00
2012;03128;Teulada;9503985.00
2012;03129;Tibi;1208090.00
2013;03129;Tibi;1113090.00
2014;03129;Tibi;951647.00
2015;03129;Tibi;311000.00
2016;03129;Tibi;113704.00
2017;03129;Tibi;0.00
2018;03129;Tibi;0.00
2019;03129;Tibi;398621.00
2020;03129;Tibi;398621.00
2021;03129;Tibi;398621.00
2021;03130;Tollos;0.00
2020;03130;Tollos;0.00
2019;03130;Tollos;0.00
2018;03130;Tollos;0.00
2017;03130;Tollos;0.00
2016;03130;Tollos;0.00
2015;03130;Tollos;0.00
2014;03130;Tollos;9611.00
2013;03130;Tollos;19245.00
2012;03130;Tollos;74740.00
2012;03131;Tormos;160801.00
2013;03131;Tormos;152801.00
2014;03131;Tormos;0.00
2015;03131;Tormos;0.00
2016;03131;Tormos;0.00
2017;03131;Tormos;0.00
2018;03131;Tormos;0.00
2019;03131;Tormos;0.00
2020;03131;Tormos;0.00
2021;03131;Tormos;0.00
2021;03132;Torremanzanas/Torre de les Maçanes (la);0.00
2020;03132;Torremanzanas/Torre de les Maçanes (la);61150.00
2019;03132;Torremanzanas/Torre de les Maçanes (la);85610.00
2018;03132;Torremanzanas/Torre de les Maçanes (la);110070.00
2017;03132;Torremanzanas/Torre de les Maçanes (la);142492.00
2016;03132;Torremanzanas/Torre de les Maçanes (la);273302.00
2015;03132;Torremanzanas/Torre de les Maçanes (la);352000.00
2014;03132;Torremanzanas/Torre de les Maçanes (la);452451.00
2013;03132;Torremanzanas/Torre de les Maçanes (la);599681.00
2012;03132;Torremanzanas/Torre de les Maçanes (la);710680.00
2012;03133;Torrevieja;72818091.00
2013;03133;Torrevieja;66755092.00
2014;03133;Torrevieja;62974461.00
2015;03133;Torrevieja;58219000.00
2016;03133;Torrevieja;38915643.00
2017;03133;Torrevieja;23030295.00
2018;03133;Torrevieja;22147636.00
2019;03133;Torrevieja;20125976.00
2020;03133;Torrevieja;9984158.00
2021;03133;Torrevieja;4966879.00
2021;03134;Vall d'Alcalà (la);0.00
2020;03134;Vall d'Alcalà (la);0.00
2019;03134;Vall d'Alcalà (la);0.00
2018;03134;Vall d'Alcalà (la);0.00
2017;03134;Vall d'Alcalà (la);0.00
2016;03134;Vall d'Alcalà (la);0.00
2015;03134;Vall d'Alcalà (la);0.00
2014;03134;Vall d'Alcalà (la);24611.00
2013;03134;Vall d'Alcalà (la);36252.00
2012;03134;Vall d'Alcalà (la);26252.00
2012;03135;Vall d'Ebo (La);115433.00
2013;03135;Vall d'Ebo (La);25433.00
2014;03135;Vall d'Ebo (La);0.00
2015;03135;Vall d'Ebo (La);0.00
2016;03135;Vall d'Ebo (La);0.00
2017;03135;Vall d'Ebo (La);0.00
2018;03135;Vall d'Ebo (La);0.00
2019;03135;Vall d'Ebo (La);0.00
2020;03135;Vall d'Ebo (La);0.00
2021;03135;Vall d'Ebo (La);0.00
2021;03136;Vall de Gallinera;0.00
2020;03136;Vall de Gallinera;0.00
2019;03136;Vall de Gallinera;0.00
2018;03136;Vall de Gallinera;0.00
2017;03136;Vall de Gallinera;0.00
2016;03136;Vall de Gallinera;17021.00
2015;03136;Vall de Gallinera;4000.00
2014;03136;Vall de Gallinera;57333.00
2013;03136;Vall de Gallinera;104769.00
2012;03136;Vall de Gallinera;0.00
2012;03137;Vall de Laguart (La);441351.00
2013;03137;Vall de Laguart (La);339351.00
2014;03137;Vall de Laguart (La);224704.00
2015;03137;Vall de Laguart (La);160000.00
2016;03137;Vall de Laguart (La);46723.00
2017;03137;Vall de Laguart (La);0.00
2018;03137;Vall de Laguart (La);0.00
2019;03137;Vall de Laguart (La);0.00
2020;03137;Vall de Laguart (La);0.00
2021;03137;Vall de Laguart (La);0.00
2021;03138;Verger (el);12183.00
2020;03138;Verger (el);1331958.00
2019;03138;Verger (el);1476372.00
2018;03138;Verger (el);2260327.00
2017;03138;Verger (el);2463132.00
2016;03138;Verger (el);2984558.00
2015;03138;Verger (el);2909000.00
2014;03138;Verger (el);3248866.00
2013;03138;Verger (el);3595866.00
2012;03138;Verger (el);2839541.00
2012;03139;Villajoyosa/Vila Joiosa (la);24286024.00
2013;03139;Villajoyosa/Vila Joiosa (la);22047914.00
2014;03139;Villajoyosa/Vila Joiosa (la);18225914.00
2015;03139;Villajoyosa/Vila Joiosa (la);15127000.00
2016;03139;Villajoyosa/Vila Joiosa (la);13924090.00
2017;03139;Villajoyosa/Vila Joiosa (la);11690547.00
2018;03139;Villajoyosa/Vila Joiosa (la);1942374.00
2019;03139;Villajoyosa/Vila Joiosa (la);14201.00
2020;03139;Villajoyosa/Vila Joiosa (la);14352.00
2021;03139;Villajoyosa/Vila Joiosa (la);0.00
2021;03140;Villena;0.00
2020;03140;Villena;0.00
2019;03140;Villena;385952.00
2018;03140;Villena;0.00
2017;03140;Villena;116141.00
2016;03140;Villena;1297744.00
2015;03140;Villena;6790000.00
2014;03140;Villena;9624166.00
2013;03140;Villena;12541765.00
2012;03140;Villena;17856448.00
2012;03901;Poblets (els);0.00
2013;03901;Poblets (els);0.00
2014;03901;Poblets (els);0.00
2015;03901;Poblets (els);0.00
2016;03901;Poblets (els);79839.00
2017;03901;Poblets (els);0.00
2018;03901;Poblets (els);0.00
2019;03901;Poblets (els);0.00
2020;03901;Poblets (els);0.00
2021;03901;Poblets (els);0.00
2021;03902;Pilar de la Horadada;6000000.00
2020;03902;Pilar de la Horadada;9075000.00
2019;03902;Pilar de la Horadada;0.00
2018;03902;Pilar de la Horadada;1185014.00
2017;03902;Pilar de la Horadada;3014566.00
2016;03902;Pilar de la Horadada;5662992.00
2015;03902;Pilar de la Horadada;6114000.00
2014;03902;Pilar de la Horadada;9252000.00
2013;03902;Pilar de la Horadada;12689922.00
2012;03902;Pilar de la Horadada;13619921.00
2012;03903;Montesinos (Los);768596.00
2013;03903;Montesinos (Los);700596.00
2014;03903;Montesinos (Los);295000.00
2015;03903;Montesinos (Los);227000.00
2016;03903;Montesinos (Los);3750.00
2017;03903;Montesinos (Los);0.00
2018;03903;Montesinos (Los);0.00
2019;03903;Montesinos (Los);0.00
2020;03903;Montesinos (Los);0.00
2021;03903;Montesinos (Los);0.00
2021;03904;San Isidro;0.00
2020;03904;San Isidro;0.00
2019;03904;San Isidro;596.00
2018;03904;San Isidro;152888.00
2017;03904;San Isidro;242563.00
2016;03904;San Isidro;332187.00
2015;03904;San Isidro;399000.00
2014;03904;San Isidro;473847.00
2013;03904;San Isidro;542370.00
2012;03904;San Isidro;600370.00